Sentence,PPL_Score,Semantic_Score,Context_Score,RRF_Fused
"Central Ordinance 2023 
 
1.",-0.3550966442379471,2.510382,-2.711618,0.04401672775457856
"THE GOVERNMENT OF NATIONAL CAPITAL TERRITORY OF DELHI (AMENDMENT) 
ORDINANCE, 2023 
 THE GOVERNMENT OF NATIONAL CAPITAL TERRITORY OF
DELHI (AMENDMENT) ORDINANCE, 2023
NO.",-1.663469689149402,0.18297371,-0.055603754,0.023173363524611936
"1 OF 2023
Promulgated by the President in the Seventy-fourth Year of the Republic of India.",-0.133643443133878,-0.31143036,0.74852586,0.03236166740839638
"An Ordinance further to amend the Government of  National Capital Territory
of  Delhi Act, 1991.",-1.0817365075029337,-0.23772229,0.74769825,0.026535006767564907
"WHEREAS Delhi being the Capital of India had been administered by the President of
India directly.",-0.6135731108749432,-0.16522592,0.39009067,0.025074656545604777
"A sui generis status was, however, conferred upon Delhi whereby it was
retained as Union territory but with legislature.",-0.8926527358037788,0.24748094,0.57613057,0.03120985298187782
"AND WHEREAS, Article 239AA came to be introduced into the Constitution of India
providing for various functional-administrative networked issues balancing the legitimate
participation of the Union Government while conferring democratic existence of a legislature
and a Council of Ministers having curtailed powers.",-0.3234242399619532,-0.69169194,0.23218341,0.02174155340273761
"AND WHEREAS, keeping in mind various reports of various Commissions and since
Delhi is the capital city of the nation, the Constitution retained certain exclusive and plenary
jurisdiction in the Parliament while incorporating Article 239 AA in general and Article
239AA[3][b] read with Article 239AA[7] in particular.",0.0836443998715696,-0.8138206,0.3991573,0.031978085554407835
"MINISTRY OF LAW AND JUSTICE
(Legislative Department)
New Delhi, the 19th May, 2023/Vaisakha 29, 1945  (Saka)
vlk/kkj.k
EXTRAORDINARY
Hkkx  II — [k.M 1
PART II — Section 1
izkf/kdkj ls izdkf'kr
PUBLISHED  BY  AUTHORITY
lañ   12]
ubZ fnYyh] 'kqØokj] ebZ 19] 2023@oS'kk[k 29] 1945 ¼'kd½
No.",0.6061672315794253,0.62974954,-0.82612854,0.03547794117647059
"12]
NEW DELHI, FRIDAY, MAY 19, 2023/VAISAKHA 29, 1945 (SAKA)
bl Hkkx esa fHkUu i`""B la[;k nh tkrh gS ftlls fd ;g vyx ladyu ds :i esa j[kk tk ldsA
Separate paging is given to this Part in order that it may be filed as a separate compilation.",0.8529967770043577,0.5958266,-0.855748,0.02662293592543334
"xxxGIDHxxx
xxxGIDExxx
jftLVªh lañ Mhñ ,yñ—(,u)04@0007@2003—23
REGISTERED NO.",0.2953853849200403,1.4594616,0.7324616,0.02542614322275339
"DL—(N)04/0007/2003—23
सी.जी.-डी.एल.-अ.-19052023-245962
CG-DL-E-19052023-245962
 2
THE GAZETTE OF INDIA EXTRAORDINARY
[PART II—
AND WHEREAS, several important National and international institutions and
authorities like the President, the Parliament, the Supreme Court, etc.",0.013073521539618617,-0.04143426,0.61374533,0.025493051393467185
"and various
constitutional functionaries, etc., as well as all foreign diplomatic missions, international
agencies, etc., are located in Delhi.",1.5383653795592556,0.4024592,0.49580404,0.03040197629638475
"It is also a place to which high dignitaries from other
nations pay official visits frequently and it is in the national interest that the highest
possible standards should be maintained in the administration and governance of the
national capital.",-0.004384774203680458,-0.39638537,-0.017778596,0.025286018551925606
"AND WHEREAS, any decision taken or any event in the capital of the nation not only
affects the residents of the national capital but also the rest of the country and at the same
time has the potential of putting the national reputation, image, credibility and prestige at
stake in the international global spectrum.",-0.11322781330801233,-0.04843093,-0.42052105,0.02770953705577798
"AND WHEREAS, the national capital belongs to the entire nation and the entire
nation is vitally interested in the governance of the national capital.",0.013035548501654424,-0.21566527,-1.4365982,0.0353297892234125
"It is in the larger
national interest that the people of entire country have some role in the administration of
the national capital through the democratically elected Central Government.",0.6339065075121854,-0.20470092,-0.6282763,0.02568771411111683
"AND WHEREAS, Delhi as the national capital has a unique status and certain
distinguishing features.",1.7929342298062032,-0.19502172,0.66561484,0.03187358055512214
"There is a need to promote the national interests without
compromising on the democratic aspirations of the residents of Delhi.",0.558774463034927,-0.11951355,1.3298354,0.026923711243049663
"AND WHEREAS, Article 1 of the Constitution declares that India, that is Bharat, shall
be a Union of States and Union territories specified in the First Schedule;
AND, WHEREAS, clause (1) of article 239 empowers the President to administer
every Union territory, to such extent as he thinks fit, acting through an administrator appointed
by him with such designation as he may specify.",0.06498533882982205,-0.9367374,0.5416631,0.025052151024999726
"AND, WHEREAS, clause (1) of article 239AA of the Constitution, inter alia, mandates
that the administrator of the Union territory of Delhi, shall be designated as the Lieutenant
Governor of the National Capital Territory of Delhi.",-0.5468104905480772,-0.75401026,-0.83162355,0.023167955233172624
"AND WHEREAS, in absence of any Parliamentary legislation dealing with the subject
of services as contained in Entry 41 of List II of the Seventh Schedule in the National Capital
Territory of Delhi (hereinafter referred to as NCTD) either under Article 239AA[3][b] or
under Article 239AA[7] of the Constitution of India, the Hon'ble Supreme Court was required
to consider a reference concerning the subject of services in NCTD.",-0.08261735735725532,-0.9722912,-1.0842261,0.028644952577016394
"AND WHEREAS, in absence of any specific Parliamentary legislation dealing with
the subject of services as contained in Entry 41 of List II of the Seventh Schedule specifically
and in detail, the Hon'ble Supreme Court was pleased to pass a judgment dated 11.05.2023
in C.A.",0.2192832893377185,-0.83252645,-0.46047655,0.026334429318043893
2357/2017 in the matter of Govt.,-1.2793892056982645,0.85512435,0.4945241,0.03398647128763778
of NCT of Delhi Versus Union of India.,1.2786174693097356,0.3066638,0.35150632,0.04167362488258011
"AND WHEREAS, in view of its special status as a national capital, a scheme of
administration has to be formulated by Parliamentary law, to balance both local and national
democratic interests which are at stake, which would reflect the aspirations of the people
through joint and collective responsibility of both the Government of India and the
Government of National Capital Territory of Delhi (hereinafter referred to as GNCTD).",-0.39616510495032137,-0.85923207,-0.23720063,0.026241863651935593
"AND WHEREAS, with a view to give effect to the intent and purpose behind the
provisions of Article 239AA, a permanent authority headed by the democratically elected
Chief Minister of Delhi along with Chief Secretary, GNCTD the head of the administration
representing the will of the officers of GNCTD and the Principal Secretary Home, GNCTD is
being introduced to make recommendations to the Lieutenant Governor regarding matters
concerning transfer posting, vigilance and other incidental matters.",0.2560902370369552,-1.1788367,-0.6620354,0.027386674206012627
"This would statutorily
balance the interest of the nation with the interest of Union Territory of Delhi in administration
of the capital by giving purposeful meaning to the manifestation of democratic will of
people reposed both in the Central Government as well as the GNCTD.",-0.1577721511996919,-0.6973431,-0.8243173,0.025807086856453616
"1]
THE GAZETTE OF INDIA EXTRAORDINARY
3
AND WHEREAS with a view to give effect to the very intent and purpose behind the
provisions of Article 239AA and retaining the active, meaningful and effective participation
of the President of India in national interest, which is also a democratic will of the nation in
the matter of governance of its capital in the question of posting, transfer and other allied
matters relating to the officers/employees employed in the functioning of the GNCTD and
while providing for the democratic governance of the Council of Ministers of the GNCTD,
provisions are required to be made.",0.11880619849155291,-0.84099853,-1.3820285,0.025870231133389026
"AND WHEREAS for the purpose giving effect to Article 239(1) read with Article
239AA and in exercise of powers of Article 239(1), Article 239AA[3][b] and Article 239AA[7]
of the Constitution of India, which includes the power to supplementing the provisions
under Article 239AA including the power to make suitable amendments thereof, an Ordinance
namely the Government of National Capital Territory of Delhi (Amendment) Ordinance,
2023 is proposed to provide for a comprehensive scheme of administration of services
deployed in the functioning of NCTD and other allied issues thereby balancing the local
and domestic interests of the people staying in the NCTD with the democratic will of the
entire nation reflected through the President of India.",-0.6129642892330119,-1.1233447,0.44416946,0.02536748965320394
"AND, WHEREAS Parliament is not in session and the President is satisfied that
circumstances exist which render it necessary for him to take immediate action.",-0.499833805729423,-0.19095002,1.50687,0.02779319940506789
"NOW, THEREFORE, in exercise of the powers conferred by clause (1) of article 123 of
the Constitution, the President is pleased to promulgate the following Ordinance:—
1.",-0.09663120979731663,-0.2556735,0.7788589,0.022252494412224447
"(1) This Ordinance may be called the Government of National Capital Territory of
Delhi (Amendment) Ordinance, 2023.",-1.1562000003664414,-0.21051155,1.5781475,0.03023338979860719
(2) It shall come into force at once.,-1.020737413445546,1.0691833,2.553382,0.024204529736320368
"In the Government of National Capital Territory of Delhi Act, 1991 (hereinafter
referred to as the principal Act), in section 2,after clause (e), the following clauses shall be
inserted, namely:—
'(ea) ""Lieutenant Governor"" means the administrator appointed under article
239 of the Constitution for the National Capital Territory of Delhi and designated as
Lieutenant Governor by the President;
(eb) ""Minister"" means a member of the Council of Ministers referred to in
clause (4) of article 239AA of the Constitution, by whatever name called and includes
a Deputy Minister;'.",-0.6816822183708746,-0.6544995,2.344834,0.02341802644404265
"After section 3, the following section shall be inserted, namely:—
""3A.",0.6279305930749423,1.1217417,2.0065732,0.028231300443553712
"Notwithstanding anything contained in any judgement, order or decree of
any Court,the Legislative Assembly shall have the power to make laws as per Article
239AA except with respect to any matter enumerated in Entry 41 of List II of the
Seventh Schedule of the Constitution of India or any matter connected therewith or
incidental thereto."".",0.319345114295577,-0.81648564,1.772991,0.023786130831643
"In section 41 of the principal Act,—
(A) in the marginal heading for the words ""act in his discretion"", the words ""act
in his sole discretion"" shall be substituted;
(B) in sub-section (1),—
(a) in the opening paragraph, for the words ""act in his discretion"", the
words ""act in his sole discretion"" shall be substituted;
(b) in clause (ii), the word ""; or"" shall be inserted at the end;
(c) after clause (ii), the following clause shall be inserted, namely:—
""(iii) in discharge of his functions under Part IV-A of this Act."".",-0.3346788428225933,0.41121638,1.6441526,0.03210409745293466
"Short title
and
commencement.",0.52783298486558,3.1317656,1.3937329,0.0266295365633114
"Amendment
of section 2.",-0.48661223744472204,2.2993393,0.17001113,0.03292349726775957
"Insertion of
new section 3A.",-1.0554413607647029,0.91946447,0.123927675,0.026394800653560757
"Additional
provisions
with regard to
Legislative
Assembly.",-1.1798504043837188,2.098159,0.6117798,0.03108371187540558
"Amendment
of section 41.",-0.07819651760060957,3.8631694,0.58143973,0.02758136043019764
"4
THE GAZETTE OF INDIA EXTRAORDINARY
[PART II—
(C) in sub-section (2), for the words ""not a matter as respects"", the words ""not
a matter in respect of"" shall be substituted;
5.",-0.1366085563133917,-0.2811562,0.8101037,0.03021159126617036
"After Part IV, the following Part shall be inserted, namely:—
'PART IV-A
PROVISIONS  RELATING  TO  THE  MAINTENANCE  OF  THE  DEMOCRATIC
AND  ADMINISTRATIVE  BALANCE  IN  THE  GOVERNANCE  OF  NATIONAL
CAPITAL  TERRITORY  OF  DELHI
45A.",-1.26897789718946,-0.6701007,0.7021233,0.02612039312039312
"In this part, unless the context otherwise requires—
(a) ""All India Services"" means any service created under the All India
Services Act, 1951, except the Indian Police Service;
(b) ""Authority"" means the National Capital Civil Service Authority
constituted under sub-section (1) of section 45E;
(c) ""Chairperson"" means the Chairperson of the Authority appointed
under sub-section (2) of section 45D;
(d) ""Chief Secretary"" means the Chief Secretary of the Government of
National Capital Territory of Delhi appointed by the Central Government;
(e) ""Council"" means the Council of Ministers referred to in clause (4) of
article 239AA of the Constitution;
(f) ""DANICS"" means the Delhi, Andaman and Nicobar, Lakshadweep,
Daman and Diu and Dadra and Nagar Haveli (Civil) Services;
(g) ""Delhi Subordinate Services Selection Board"" means the Delhi
Subordinate Services Selection Board constituted by the Government of
National Capital Territory of Delhi through its Resolution No.",-0.5368367772555149,-0.4857845,-0.3518719,0.026373626373626374
"F-3(7)/93-S. III,
dated 4th October, 1996 read with Resolution F. 3(24)/DSSSB/2008-S.III/1764,
dated 12th May, 2008;
(h) ""Department"" means a Department or office specified in the Schedule
to the Business of Delhi (Allocation) Rules, 1993;
(i) ""Group 'A' officers"" means the officers serving in the affairs of
Government of National Capital Territory of Delhi—
(a) belonging to All India Services, except the officers of the Indian
Police Service;
(b) who are classified as Group 'A' officers, under rule 4 of the
Central Civil Services (Classification, Control and Appeal) Rules, 1965,
but shall not include the officers who are serving in connection with any subject matter,
whether fully or in part connected with Entries 1, 2 and 18 of List II of the Seventh Schedule
to the Constitution, and Entries 64, 65 and 66 of List II of the Seventh Schedule to the
Constitution,insofar as they relate to the Entries 1, 2 and 18, or any other subject matter
which is connected therewith or incidental thereto;
(j) ""Group 'B' officials"" means the Group 'B' officials, as classified under
rule 4 of the Central Civil Services (Classification, Control and Appeal) Rules,
1965, but shall not include the officials who are serving in connection with any
subject matter, whether fully or in part connected with Entries 1, 2 and 18 of
 List II--State List of the Seventh Schedule to the Constitution, and Entries 64,
65 and 66 of List II--State List of the Seventh Schedule to the Constitution in so
far as they relate to the Entries 1, 2 and 18, or any other subject matter which is
connected therewith or incidental thereto;
(k) ""Group 'C' officials"" means Group 'C' officials as such classified under
rule 4 of the Central Civil Services (Classification, Control and Appeal) Rules,
1965, but shall not include the officials who are serving in connection with any
Insertion of
new Part IV-A.",-0.9646970388369001,-0.073357776,-1.627763,0.03273809523809523
"1]
THE GAZETTE OF INDIA EXTRAORDINARY
5
subject matter, whether fully or in part connected with Entries 1, 2 and 18 of
 List II--State List of the Seventh Schedule to the Constitution, and Entries 64,
65 and 66 of List II--State List of the Seventh Schedule to the Constitution
insofar as they relate to the Entries 1, 2 and 18, or any other subject matter
which is connected therewith or incidental thereto;
(l) ""National Capital Territory of Delhi"" means the Union Territory of
Delhi as defined in clause (1) of article 239AA of the Constitution;
(m) ""Member"" means a member of the Authority and includes the
Chairperson;
 (n) ""Principal Home Secretary"" means the Principal Home Secretary of
the Government of National Capital Territory of Delhi appointed by the Central
Government;
(o) ""Secretary"" means a Secretary of the Department to the Government
of National Capital Territory of Delhi.",-1.0286297067988923,-0.9291513,-1.5459094,0.026012422360248446
"(1) The following shall be the Public Service Commissions for National
Capital Territory of Delhi, namely:—
(i) the Union Public Service Commission for appointment to the posts in
Group 'A' and Group 'B' gazetted posts; and
(ii) The Delhi Subordinate Services Selection Board for appointment to
the Group 'B' non-gazetted and Group 'C' non-gazetted posts.",-0.4456912910012387,-0.13418566,-0.9398162,0.04508736559139785
"The Central Government may make rules to provide for any one or more of
the following matters, in connection with the affairs of the Government of National
Capital Territory of Delhi under this Part, namely:—
(a) the tenure of office, salaries and allowances, provident funds,
pensions, gratuities, leave of absence and other conditions of service of officers
and other employees appointed or posted;
(b) the powers, duties and functions of officers and other employees
appointed or posted;
(c) the qualifications of candidates for appointment to the posts and the
manner of selection for the appointments;
(d) transfer or posting of the officers and other employees posted;
(e) the procedure to be followed in imposing any penalty, suspension
pending departmental inquiries before the imposition of such penalty and the
authority by whom such suspension or penalty may be ordered; and the officer
or authority to whom an appeal or revision shall lie;
(f) any other matter which is incidental to or necessary for the purpose of
regulating the appointment and conditions of service of persons appointed to
services and posts; and
(g) any other matter for which, in the opinion of the Central Government,
provisions to be made by rules.",-0.07192606886524311,-0.4558582,-1.0328387,0.029632471008028544
"Notwithstanding anything contained in any other law for the time being
in force, any authority, board, commission or any statutory body, by whatever name
it may be called, or any office bearer or member thereof, constituted or appointed by
or under any law for the time being in force, in and for the National Capital Territory of
Delhi, shall be constituted or appointed or nominated by the President.",2.196631053041931,-0.34222272,-0.93139654,0.02949626913746581
"(1) There shall be an Authority to be known as the National Capital Civil
Service Authority to exercise the powers conferred on, and discharge the functions
assigned to it under this Part.",-0.6770746724687363,-0.06675427,-0.06957976,0.038695648451746015
"Power of
Central
Government
to make rules
under this
Part.",0.6664192768831813,0.90413135,0.5949353,0.030593766813622747
"Public Service
Commissions
for National
Capital
Territory of
Delhi.",-0.018914847033827616,0.1796635,0.56332934,0.02998091017892998
"Constitution of
authorities,
boards,
commissions or
statutory
bodies.",0.1467656713821651,0.83740383,-0.2599101,0.03415654520917679
"Constitution of
National
Capital Civil
Service
Authority.",-0.7624406501009672,0.36539236,-0.43916625,0.032574261332120304
"6
THE GAZETTE OF INDIA EXTRAORDINARY
[PART II—
(2) The Authority, referred to in sub-section (1), shall consist of the following
Members, namely:—
(a) the Chief Minister of Government of National Capital Territory of
Delhi, who shall be the Chairperson of the Authority, ex officio;
(b) the Chief Secretary of Government of National Capital Territory of
Delhi, Member, ex officio.",-1.120701199897426,-0.577251,-0.93120193,0.03334273552489871
"(c) the Principal Home Secretary, Government of  National Capital Territory
of Delhi, who shall be the Member Secretary to the Authority, ex officio.",-0.009143653762690867,-0.90413326,-0.053357705,0.041200737969558754
"(3) All matters required to be decided by the Authority shall be decided by
majority of votes of the members present and voting.",-1.3142396793305768,0.13274406,0.87356997,0.027179245653283095
"(4) All recommendations of the Authority shall be authenticated by the Member
Secretary.",0.6485348865928316,-0.37689376,0.50794953,0.02831038336751413
(5) The head office of the Authority shall be at Delhi.,1.0526874329763185,0.11722037,0.6129791,0.028557203788496518
"(1) The National Capital Civil Service Authority shall meet at such time
and place as the Member Secretary may decide with approval of the Chairperson of
the Authority, as and when so required.",1.707991304367976,-0.7377259,-0.369032,0.03474556489262372
"(2) The Chairperson of the Authority shall preside over the meetings of the
Authority.",-0.6548757207144772,0.49731103,-0.93467706,0.02801864801864802
(3) The quorum for the meeting of the Authority shall be of two members.,0.645612731950826,-0.12624593,0.08074601,0.03702960584983057
"(1) The Central Government, in consultation with the Authority, shall
determine the nature and the categories of officers and other employees required to
assist the Authority in the discharge of its functions and provide the Authority with
such officers and employees, as it may deem fit.",-0.11307864748671483,-0.28189695,-0.06421799,0.02867450234287681
"(2) The officers and other employees of the Authority shall discharge their
duties and functions under the general superintendence and control of the Authority.",-0.5067748732438477,-0.26403832,-0.8068644,0.025432346851784193
"(3) The salaries, allowances and conditions of service of the officers and other
employees appointed under sub-section (1) shall be by rules made by the Central
Government.",-0.46462294306422436,-0.5412222,-0.026205227,0.028314183345688165
"(1) Notwithstanding anything contained in any law for the time being in
force, the National Capital Civil Service Authority shall have the responsibility to
recommend the transfers and postings of all the Group 'A' officers and officers of
DANICS serving in the affairs of the Government of National Capital Territory of
Delhi but not officers serving in connection with any subject matter, either fully or in
part, connected with Entries 1, 2, and 18 of List II- State List of the Seventh Schedule
to the Constitution, and Entries 64, 65 and 66 of List II- State List of the Seventh
Schedule to the Constitution in so far as they relate to the entries 1, 2, and 18, or any
other subject matter which is connected therewith or incidental thereto, to the
Lieutenant Governor:
Provided that Authoritymay, if it deems appropriate, by way of a recommendation,
delegate the responsibility to any other authority or department of the Government of
National Capital Territory of Delhi.",-0.4197427599729838,-0.99520826,-1.1349016,0.03694915485371025
"(2) The National Capital Civil Service Authority shall have the responsibility to
recommend for all matters connected with and falling under the subject of vigilance
and non-vigilance matters for the purpose of disciplinary proceedings and prosecution
sanctions against all the Group 'A' officers, including the officers of the All India
Services and DANICS, serving in the affairs of the Government of National Capital
Territory of Delhi but not officers serving in connection with any subject matter,
Meetings of
National
Capital Civil
Service
Authority.",-0.4924654441453724,-1.0977349,-1.5067148,0.029171122994652406
"Appointment
of officers
and other
staff of
National
Capital Civil
Service
Authority.",0.10183544333076738,0.2801826,-1.1986765,0.036354505889156036
"Powers and
functions of
National
Capital Civil
Service
Authority.",-0.6844432407222566,0.34124228,-0.7645927,0.03062637225668511
"1]
THE GAZETTE OF INDIA EXTRAORDINARY
7
either fully or in part, connected with Entries 1, 2, and 18 of List II-State List of the
Seventh Schedule to the Constitution, and Entries 64, 65 and 66 of List II-State List of
the Seventh Schedule to the Constitution in so far as they relate to the entries 1, 2,
and 18, or any other subject matter which is connected therewith or incidental thereto,
to the Lieutenant Governor:
Provided that the Authority may, if it deems appropriate, by way of a
recommendation, delegate the responsibility in respect to such officers serving in the
affairs of the Government of  National Capital Territory of Delhi to an officer of All
India Services.",-0.49043167640607893,-1.132629,-0.6733656,0.02648262667073527
"(3) The Lieutenant Governor, after the receipt of such recommendation under
sub-section (1) or sub-section (2) of this section, may pass appropriate orders giving
effect to the recommendation made:
Provided that the Lieutenant Governor, before passing appropriate orders on
such recommendation, may ask for any relevant material regarding the Group 'A'
officers, including the officers of the All India Services and DANICS, serving in the
affairs of the Government of  National Capital Territory of Delhi:
Provided further that in case the Lieutenant Governor differs with the
recommendation made, whether based upon the material so called for or otherwise,
the Lieutenant Governor may, for reasons to be recorded in writing, return the
recommendation to the Authority for reconsideration by the Authority:
Provided also that in case of difference of opinion, the decision of the Lieutenant
Governor shall be final.",0.4966867193567438,-1.0889008,-1.4029968,0.027436576099677704
"(4) Without prejudice to generality of the provisions contained in
sub-section (1), the National Capital Civil Service Authority shall—
(a) make recommendations for—
(i) stability of tenure of posting of officers and other employees;
(ii) rotational transfers and postings from sensitive to non-sensitive
posts and vice-versa;
(iii) determining suitability of officer for posting as Head of the
Department;
(iv) transfers and postings of all officers and other employees serving
in the affairs of the Government of  National Capital Territory of  Delhi;
(b) make policy insofaras it relates to—
(i) the capacity building of the officers and other employees serving
in the affairs of the Government of  National Capital Territory of  Delhi;
(ii) ensuring effectiveness in public services delivery in the
Government of National Capital Territory of  Delhi;
(iii) ensuring good governance and e-governance in public
administration in the Government of  National Capital Territory of  Delhi;
(iv) ensuring greater transparency in the administration of the
Government of  National Capital Territory of  Delhi;
(v) ensuring the presence of a citizen centric administration in the
Government of  National Capital Territory of  Delhi; and
(vi) any other matter connected therewith or incidental thereto.",-0.6702341212651126,-0.3613242,-1.2528675,0.02805842438756673
"(1) The Authority shall furnish to the Central Government and the
Government of the National Capital Territory of  Delhi an annual report containing
such details of the steps taken, proposals made and other measures undertaken by it
in pursuance of its functions, in such form and manner as may be prescribed.",0.3830692575330603,-0.68144345,-0.71115917,0.020465001115155916
"8
THE GAZETTE OF INDIA EXTRAORDINARY
[PART II—
(2) The Central Government shall cause the annual report furnished under
sub-section (1) to be laid, as soon as may be after it is received, before each House of
Parliament while it is in session for a total period of thirty days which may be comprised
in one session or in two or more successive sessions.",0.23669759551024597,-0.4389617,-1.3395814,0.03154221257669533
"(3) The Government of National Capital Territory of Delhi shall cause the annual
report furnished under sub-section (1) to be laid, as soon as may be after it is received,
before the Legislative Assembly of National Capital Territory of Delhi within a total
period of thirty days while it is in session, or in its forthcoming session.",-0.9049803923007953,-1.0176595,-0.6066013,0.03588066750889709
"(1) The Minister in-charge may, by means of standing orders, give such
directions as deems thinks fit for the disposal of proposals or matters in his Department:
Provided that no such standing order shall be issued in contravention of the
provisions of the Constitution or any other law for the time being in force including
the provisions of this Act or Rules made thereunder or the statutory powers conferred
under any law upon the officials, and financial powers delegated under the Delegation
of the Financial Powers Rules, 1978.",-0.29728303072989465,-0.5200859,-0.87049896,0.03878134229809499
"(2) The Minister, in consultation with the Secretary concerned, may issue
standing orders, concerning the matters or classes of matters which are to be brought
to the personal notice of the Minister:
Provided that no such standing order shall be issued in contravention of the
provisions of the Constitution or any other law for the time being in force including
the provisions of this Act or Rules made thereunder or the statutory powers conferred
under any law upon the officials, and financial powers delegated under the Delegation
of the Financial Powers Rules, 1978.",0.020117331039592234,-0.68702364,-1.708577,0.034171747967479675
"(3) The copies of directions and standing orders shall be forwarded to the
Lieutenant Governor and the Chief Minister.",-0.11438852932582456,-0.4029594,-0.07535005,0.035311641763254666
"(4) Notwithstanding anything contained in sub-sections (1) and (2), in addition
to the proposals or matters required to be placed before the Lieutenant Governor
under any law for the time being in force, the following proposals or matters shall be
submitted to the Lieutenant Governor and the Chief Minister through the Chief
Secretary for their opinion, before issuing any orders thereon, namely:—
(i) matters which affect or are likely to affect the peace and tranquility of
the National Capital Territory of Delhi;
(ii) matters which affect or are likely to affect the interest of any particular
community, the Scheduled Castes, the Scheduled Tribes and the socially and
educationally backward classes or any other class of persons;
(iii) matters which affect the relations of the Government of National
Capital Territory of Delhi with the Central Government, or any State Government,
the Supreme Court of India or the High Court of Delhi and such other authorities
as may be determined;
(iv) proposals or matters required to be referred to the Central Government
under this Act;
(v) matters pertaining to the Secretariat of the Lieutenant Governor and
personnel establishment and other matters relating to his office;
(vi) matters on which Lieutenant Governor is required to make an order
under any law or instrument in force in his sole discretion;
(vii) matters specified under general or special order issued by the
Lieutenant Governor under proviso to sub-section (2) of section 44;
Disposal of
matters by
Minister.",-0.4250818090507305,-0.70319605,-0.09971119,0.029392483935873303
"1]
THE GAZETTE OF INDIA EXTRAORDINARY
9
(viii) petitions for mercy from persons under sentence for death and
other important cases in which it is proposed to recommend any revision of a
judicial sentence;
(ix) matters relating to summoning, prorogation and dissolution of the
Legislative Assembly, removal of disqualification of voters at elections to the
Legislative Assembly, Local Self Government Institutions and other matters
connected therewith; and
(x) any other matter of administrative importance which the President of
India or the Chief Minister may consider necessary.",0.20239449692206626,-0.9027165,0.7715176,0.03369565217391304
"(1) The Secretary of the Department concerned shall be responsible for
preparing and authenticating every memorandum including the Cabinet Notes, for
consideration of the Council of Ministers and for obtaining approval of the Minister
in-charge and the Chief Minister.",0.8036684758533464,-0.71903455,0.4732068,0.02479405606155914
"(2) In case of proposals involving more than one Department, the views of all
concerned Secretaries and the Ministers of all Departments consulted on the proposal
shall be clearly and separately reflected in writing and signed by the Minister and the
Secretary in the memorandum so as to ensure that in case of disagreement, the Council
of Ministers shall take a decision.",-0.3169505393521934,-0.48035994,-0.8889688,0.02394832858694401
"(3) In case the Secretary to the Council of Ministers is of the opinion that the
proposal considered and decided by the Council of Ministers is not in accordance
with the provisions of the law for the time being in force or any rules of procedure
made under section 44, it shall be the duty of the Secretary to the Council of Ministers
to bring it to the notice of Lieutenant Governor for taking a decision thereon.",-0.6655989319844555,-0.7068432,-0.6156433,0.02532818532818533
"(4) Any matter which is likely to bring the Government of the National Capital
Territory of Delhi into controversy with the Central Government or with any State
Government, the Supreme Court of India or the High Court of Delhi and such other
authorities as may be prescribed, the Secretary to the Department concerned shall, as
soon as possible, bring it to the notice of the Lieutenant Governor, Chief Minister and
the Chief Secretary in writing.",0.7820327911424056,-0.84505033,-0.75148636,0.022378512227549188
"(5) The Chief Secretary and the Secretary to the Department concerned shall
be responsible for compliance with the provisions of this Act and the rules framed
under section 44, and when either of them considers that there has been any material
departure from the same, instead of giving effect to such departure, he or they shall
personally bring it to the notice of the Minister-in-charge, Chief Minister and the
Lieutenant Governor immediately in writing.",0.8704577609225478,-0.5796657,-0.6344446,0.03684493223282545
"(1) The Central Government may, by notification published in the Official
Gazette, make rules for carrying out the provisions of this Part.",0.7881135344596528,-0.3719571,-0.09470185,0.023397237682951967
"(2) Every rule made by the Central Government under this Ordinance shall be
laid, as soon as may be after it is made, before each House of Parliament while it is in
session for a total period of thirty days which may be comprised in one session or in
two or more successive sessions, and if, before the expiry of the session immediately
following the session or the successive sessions aforesaid, both Houses agree in
making any modification in the rules or both Houses agree that the rules should not
be made, the rules shall thereafter have effect only in such modified form or be of no
effect, as the case may be; so, however, that any such modification or annulment shall
be without prejudice to the validity of anything previously done under that rule.",0.13226548198720214,-0.10600374,0.40887088,0.023798471032513584
"(1) If any difficulty arises in giving effect to the provisions of this Part, the
President may, by order, published in the Official Gazette, make such provisions not
inconsistent with the provisions of this Part as may appear to him to be necessary or
expedient for the purposes of removing the difficulty:
Duties of
Secretaries.",0.9435683143711212,0.22187997,0.91507363,0.02967014046559501
"Power to
remove
difficulties.",5.388367559175966,2.3254454,-0.41175252,0.03660190109664947
"Power to
make rules.",-0.9770195477898747,3.7951107,0.39753893,0.03370663333826681
"Provided that no order shall be made under this section after the expiry of two
years from the commencement of this Act.",0.44477608784082034,0.34219405,1.2803609,0.024648334214701216
"(2) Every order made under this section shall be laid, as soon as may be after it
is made, before each House of Parliament.’.",-0.382303638482685,0.94834614,1.3975921,0.023260908830857487
"————
DR. REETA VASISHTA,
 Secretary to the Govt.",3.501675169809719,0.5808403,1.6549603,0.035583382195055996
"UPLOADED BY THE MANAGER, GOVERNMENT OF INDIA PRESS, MINTO ROAD,  NEW DELHI–110002
AND PUBLISHED BY THE CONTROLLER OF  PUBLICATIONS, DELHI–110054.",-1.1545729289431594,-0.10162625,0.6461491,0.029526685776685775
"10
THE GAZETTE OF INDIA EXTRAORDINARY
[PART II— SEC.",-0.7898381984939927,0.290946,1.9167434,0.023556876061120544
"1]
Kshitiz 
Mohan
Digitally signed by 
Kshitiz Mohan 
Date: 2023.05.19 
21:55:08 +05'30'",1.765817535197011,0.6886004,-0.8769618,0.026969552292709482
